countrycode,Private,Public,Country,region,incomegroup,University,founded_in,private01,coordinates,latitude,longitude,total_phd,total_masters,total_bachelor,year,students_in_oldest,Date,total_masters,total_bachelor,total_phd,total_students
ABW,0.0,14.0,Aruba,Latin America and Caribbean,High income,University Of Aruba,1988.0,0.0,"12.5234234, -70.0343574",12.5234234,-70.0343574,0.0,1.0,1.0,2015-01-01,608,2015-01-01,4.0,4.0,0.0,3870
AFG,45.0,196.0,Afghanistan,South Asia,Low income,Shaheed Rabbani Education University,1913.0,0.0,"34.5323516, 69.1127177",34.5323516,69.1127177,0.0,1.0,1.0,1970-01-01,251,1970-01-01,17.0,45.0,6.0,555026
AGO,77.0,54.0,Angola,Sub-Saharan Africa,Lower middle income,Kimpa Life University,1983.0,0.0,"-7.617492, 15.0654544",-7.617492,15.0654544,0.0,0.0,1.0,2000-01-01,3337,2000-01-01,0.0,43.0,0.0,588468
ALB,54.0,97.0,Albania,Europe and Central Asia,Upper middle income,Sports University Of Tirana,1948.0,0.0,"41.3307726, 19.8024462",41.3307726,19.8024462,0.0,1.0,1.0,1955-01-01,174,1955-01-01,26.0,27.0,11.0,558980
AND,3.0,7.0,Andorra,Europe and Central Asia,High income,University Of Andorra,1988.0,0.0,"42.4653237, 1.490649",42.4653237,1.490649,0.0,0.0,0.0,2015-01-01,1545,2015-01-01,0.0,0.0,3.0,7431
ARE,132.0,112.0,United Arab Emirates,Middle East and North Africa,High income,United Arab Emirates University,1976.0,0.0,"24.200588, 55.676034",24.200588,55.676034,0.0,1.0,1.0,1985-01-01,5341,1985-01-01,31.0,52.0,5.0,447162
ARG,515.0,424.0,Argentina,Latin America and Caribbean,Upper middle income,National University Of C��Rdoba,1613.0,0.0,"-31.4354855, -64.1855702",-31.4354855,-64.1855702,0.0,0.0,1.0,2010-01-01,112924,2010-01-01,0.0,205.0,133.0,11907365
ARM,143.0,268.0,Armenia,Europe and Central Asia,Upper middle income,Yerevan State University,1919.0,0.0,"40.1817804, 44.5262435",40.1817804,44.5262435,0.0,1.0,1.0,1950-01-01,1491,1950-01-01,47.0,50.0,22.0,1054353
AUS,308.0,409.0,Australia,East Asia and Pacific,High income,The University Of Sydney,1850.0,0.0,"-33.8885748, 151.1873494",-33.8885748,151.1873494,1.0,1.0,1.0,2020-01-01,68401,2020-01-01,126.0,122.0,83.0,8151086
AUT,194.0,303.0,Austria,Europe and Central Asia,High income,Medical University Of Vienna,1365.0,0.0,"48.2196989, 16.3515215",48.2196989,16.3515215,0.0,1.0,1.0,1955-01-01,2860,1955-01-01,58.0,57.0,31.0,2583891
AZE,64.0,289.0,Azerbaijan,Europe and Central Asia,Upper middle income,Azerbaijan State Marine Academy,1881.0,0.0,"40.3704359, 49.843706",40.3704359,49.843706,0.0,1.0,1.0,1985-01-01,1430,1985-01-01,41.0,43.0,29.0,1699585
BDI,25.0,13.0,Burundi,Sub-Saharan Africa,Low income,University Of Burundi,1960.0,0.0,"-3.3789351, 29.3838265",-3.3789351,29.3838265,0.0,0.0,0.0,2015-01-01,6723,2015-01-01,0.0,0.0,3.0,92085
BEL,70.0,302.0,Belgium,Europe and Central Asia,High income,Royal Academy Of Fine Arts In Brussels - Superior Arts School,1711.0,0.0,"50.8437811, 4.3480273",50.8437811,4.3480273,0.0,1.0,0.0,2000-01-01,1446,2000-01-01,37.0,9.0,5.0,997207
BEN,108.0,15.0,Benin,Sub-Saharan Africa,Lower middle income,Abomey-Calavi University,1970.0,0.0,"6.4132594, 2.3122884",6.4132594,2.3122884,1.0,1.0,1.0,2020-01-01,104598,2020-01-01,30.0,28.0,4.0,707178
BFA,120.0,55.0,Burkina Faso,Sub-Saharan Africa,Low income,National School For Administration And Magistracy,1959.0,0.0,"12.3787812, -1.5061209",12.3787812,-1.5061209,0.0,0.0,0.0,1960-01-01,52,1960-01-01,40.0,36.0,8.0,329367
BGD,313.0,302.0,Bangladesh,South Asia,Lower middle income,Bangladesh University Of Engineering And Technology,1846.0,0.0,"23.7265659, 90.3926596",23.7265659,90.3926596,0.0,1.0,1.0,1980-01-01,2237,1980-01-01,115.0,119.0,28.0,5430354
BGR,62.0,392.0,Bulgaria,Europe and Central Asia,Upper middle income,Nikola Vaptsarov Naval Academy,1881.0,0.0,"43.2119466, 27.9329878",43.2119466,27.9329878,1.0,1.0,1.0,2020-01-01,3500,2020-01-01,48.0,49.0,44.0,1896312
BHR,38.0,19.0,Bahrain,Middle East and North Africa,High income,Arabian Gulf University,1979.0,0.0,"26.2158176, 50.5715292",26.2158176,50.5715292,0.0,1.0,0.0,1980-01-01,280,1980-01-01,10.0,12.0,2.0,171507
BHS,0.0,10.0,"Bahamas, The",Latin America and Caribbean,High income,The University Of The Bahamas,1974.0,0.0,"25.061642, -77.3532597",25.061642,-77.3532597,0.0,1.0,1.0,2015-01-01,4031,2015-01-01,1.0,1.0,0.0,16797
BIH,86.0,76.0,Bosnia And Herzegovina,Europe and Central Asia,Upper middle income,University Of Sarajevo,1949.0,0.0,"43.8568576, 18.4189278",43.8568576,18.4189278,0.0,1.0,1.0,1985-01-01,24765,1985-01-01,26.0,39.0,22.0,806304
BLR,37.0,449.0,Belarus,Europe and Central Asia,Upper middle income,Belarusian State Agricultural Academy,1840.0,0.0,"54.2937153, 30.989118",54.2937153,30.989118,1.0,1.0,0.0,2020-01-01,6500,2020-01-01,41.0,0.0,37.0,2514917
BLZ,4.0,0.0,Belize,Latin America and Caribbean,Upper middle income,Crazy University.,2003.0,1.0,"17.1870778, -88.9980873",17.1870778,-88.9980873,0.0,1.0,1.0,2005-01-01,59,2005-01-01,1.0,1.0,0.0,2051
BOL,219.0,143.0,Bolivia,Latin America and Caribbean,Lower middle income,"Royal, Pontifical University San Francisco Xavier De Chuquisaca",1624.0,0.0,"-19.0433704, -65.2467496",-19.0433704,-65.2467496,0.0,0.0,1.0,1950-01-01,559,1950-01-01,0.0,92.0,24.0,2667842
BRA,4497.0,1502.0,Brazil,Latin America and Caribbean,Upper middle income,Federal University Of Bahia,1575.0,0.0,"-13.003676, -38.5100127",-13.003676,-38.5100127,0.0,0.0,1.0,1950-01-01,3601,1950-01-01,0.0,1231.0,148.0,32573449
BRB,0.0,12.0,Barbados,Latin America and Caribbean,High income,University Of The West Indies - Cave Hill Campus,1962.0,0.0,"13.1345645, -59.6297875",13.1345645,-59.6297875,0.0,1.0,1.0,2005-01-01,4388,2005-01-01,1.0,1.0,1.0,38702
BRN,0.0,20.0,Brunei Darussalam,East Asia and Pacific,High income,University Of Brunei Darussalam,1985.0,0.0,"4.972665, 114.89397",4.972665,114.89397,1.0,1.0,1.0,2020-01-01,5358,2020-01-01,3.0,3.0,3.0,31151
BTN,7.0,6.0,Bhutan,South Asia,Lower middle income,Royal Institute Of Management,1986.0,1.0,"27.4418428, 89.6661917",27.4418428,89.6661917,0.0,1.0,0.0,2020-01-01,3175,2020-01-01,2.0,2.0,2.0,53416
BWA,48.0,22.0,Botswana,Sub-Saharan Africa,Upper middle income,University Of Botswana,1963.0,0.0,"-24.6593408, 25.9326592",-24.6593408,25.9326592,0.0,1.0,1.0,1965-01-01,283,1965-01-01,5.0,13.0,3.0,153183
CAF,0.0,16.0,Central African Republic,Sub-Saharan Africa,Low income,National School For Administration And Magistracy,1962.0,0.0,"3.8603693, 11.5110614",3.8603693,11.5110614,0.0,0.0,0.0,1965-01-01,182,1965-01-01,2.0,1.0,2.0,43370
CAN,329.0,1312.0,Canada,North America,High income,Laval University,1663.0,0.0,"46.7817463, -71.2747424",46.7817463,-71.2747424,0.0,1.0,1.0,1970-01-01,17350,1970-01-01,175.0,241.0,126.0,15739589
CHE,39.0,256.0,Switzerland,Europe and Central Asia,High income,University Of Basel,1460.0,0.0,"47.5602535, 7.5826",47.5602535,7.5826,0.0,1.0,1.0,1950-01-01,2149,1950-01-01,32.0,30.0,14.0,1636539
CHL,401.0,166.0,Chile,Latin America and Caribbean,High income,University Of Chile,1738.0,0.0,"-33.447461, -70.6592204",-33.447461,-70.6592204,0.0,1.0,1.0,2010-01-01,24910,2010-01-01,42.0,43.0,35.0,4182734
CHN,1125.0,7752.0,China,East Asia and Pacific,Upper middle income,Lingnan Normal University,1636.0,0.0,"21.274924, 110.351576",21.274924,110.351576,0.0,0.0,1.0,2020-01-01,23294,2020-01-01,465.0,861.0,274.0,63595771
CIV,376.0,77.0,Cote D'Ivoire,Sub-Saharan Africa,Lower middle income,Pratical School Of The Chamber Of Commerce And Industry,1938.0,1.0,"5.3189933, -4.018228",5.3189933,-4.018228,0.0,1.0,1.0,2015-01-01,2134,2015-01-01,65.0,70.0,9.0,1037943
CMR,123.0,131.0,Cameroon,Sub-Saharan Africa,Lower middle income,National School Of Administration And Magistracy,1959.0,0.0,"3.8603693, 11.5110614",3.8603693,11.5110614,0.0,0.0,0.0,2020-01-01,6204,2020-01-01,35.0,34.0,14.0,938866
COD,173.0,232.0,"Congo, Dem Rep",Sub-Saharan Africa,Low income,Academy Of Fine Arts,1943.0,0.0,"-4.3213218, 15.2933625",-4.3213218,15.2933625,0.0,0.0,1.0,2010-01-01,1543,2010-01-01,5.0,55.0,18.0,935307
COG,6.0,12.0,"Congo, Rep",Sub-Saharan Africa,Lower middle income,Marien Ngouabi University,1961.0,0.0,"-4.2764104, 15.2499734",-4.2764104,15.2499734,0.0,1.0,1.0,1985-01-01,8834,1985-01-01,2.0,2.0,1.0,141940
COL,1377.0,748.0,Colombia,Latin America and Caribbean,Upper middle income,Saint Tom��S University,1580.0,1.0,"4.6381156, -74.0642732",4.6381156,-74.0642732,1.0,0.0,0.0,2020-01-01,21038,2020-01-01,0.0,0.0,146.0,11452806
COM,0.0,4.0,Comoros,Sub-Saharan Africa,Lower middle income,University Of The Comoros,2003.0,0.0,"-11.7197495, 43.2751145",-11.7197495,43.2751145,0.0,0.0,1.0,2005-01-01,94,2005-01-01,0.0,1.0,0.0,646
CPV,26.0,3.0,Cabo Verde,Sub-Saharan Africa,Lower middle income,Higher Institute Of Economics And Business,1991.0,1.0,"14.9188646, -23.5250785",14.9188646,-23.5250785,0.0,0.0,1.0,1995-01-01,369,1995-01-01,0.0,8.0,1.0,55968
CRI,324.0,47.0,Costa Rica,Latin America and Caribbean,Upper middle income,University Of Costa Rica,1843.0,0.0,"9.9372049, -84.0508641",9.9372049,-84.0508641,0.0,0.0,1.0,1960-01-01,4046,1960-01-01,0.0,43.0,39.0,1254519
CUB,0.0,477.0,Cuba,Latin America and Caribbean,Upper middle income,University Of Havana,1728.0,0.0,"23.1368405, -82.3815061",23.1368405,-82.3815061,0.0,0.0,1.0,1980-01-01,45604,1980-01-01,0.0,66.0,50.0,1770174
CYP,204.0,21.0,Cyprus,Europe and Central Asia,High income,Cyprus College,1961.0,1.0,"35.1596227, 33.3383996",35.1596227,33.3383996,0.0,0.0,1.0,2000-01-01,737,2000-01-01,20.0,30.0,0.0,240620
CZE,92.0,318.0,Czech Republic,Europe and Central Asia,High income,Charles University In Prague,1348.0,0.0,"50.0871106, 14.4234889",50.0871106,14.4234889,0.0,1.0,0.0,2010-01-01,47737,2010-01-01,42.0,0.0,29.0,2319657
DEU,799.0,2601.0,Germany,Europe and Central Asia,High income,University Of Erfurt,1372.0,0.0,"50.9906637, 11.010794",50.9906637,11.010794,0.0,1.0,1.0,1955-01-01,1720,1955-01-01,341.0,335.0,146.0,18990964
DJI,0.0,3.0,Djibouti,Middle East and North Africa,Lower middle income,University Of Djibouti,2006.0,0.0,"11.5381486, 43.1169962",11.5381486,43.1169962,0.0,1.0,1.0,2015-01-01,7000,2015-01-01,1.0,1.0,0.0,20306
DNK,0.0,201.0,Denmark,Europe and Central Asia,High income,Technical University Of Denmark,1829.0,0.0,"55.7860316, 12.5229603",55.7860316,12.5229603,0.0,1.0,1.0,1960-01-01,2483,1960-01-01,14.0,23.0,13.0,489252
DOM,248.0,36.0,Dominican Republic,Latin America and Caribbean,Upper middle income,Autonomous University Of Santo Domingo,1538.0,0.0,"18.4605416, -69.9194654",18.4605416,-69.9194654,0.0,0.0,1.0,2000-01-01,90284,2000-01-01,0.0,30.0,13.0,2644678
DZA,0.0,580.0,Algeria,Middle East and North Africa,Lower middle income,Benyoucef Benkhedda University Of Algiers 1,1859.0,0.0,"36.7708722, 3.0555347",36.7708722,3.0555347,0.0,1.0,1.0,1950-01-01,4361,1950-01-01,71.0,60.0,58.0,4493616
ECU,226.0,249.0,Ecuador,Latin America and Caribbean,Upper middle income,Central University Of Ecuador,1586.0,0.0,"-0.2006288, -78.5023889",-0.2006288,-78.5023889,0.0,0.0,1.0,1985-01-01,58333,1985-01-01,0.0,92.0,10.0,3283408
EGY,138.0,242.0,Egypt,Middle East and North Africa,Lower middle income,Cairo University,1908.0,0.0,"30.0271716, 31.2086854",30.0271716,31.2086854,0.0,1.0,1.0,1950-01-01,16114,1950-01-01,42.0,47.0,31.0,12292342
ERI,0.0,10.0,Eritrea,Sub-Saharan Africa,Low income,Asmara College Of Health Sciences,1999.0,0.0,"15.3428525, 38.9273742",15.3428525,38.9273742,0.0,,,2010-01-01,4795,2010-01-01,0.0,0.0,0.0,40507
ESP,196.0,700.0,Spain,Europe and Central Asia,High income,Pontifical University Of Salamanca,1134.0,1.0,"40.9631352, -5.6669094",40.9631352,-5.6669094,1.0,0.0,0.0,2020-01-01,6666,2020-01-01,0.0,0.0,68.0,11925594
EST,18.0,70.0,Estonia,Europe and Central Asia,High income,University Of Grab,1632.0,0.0,"58.3810911, 26.7198662",58.3810911,26.7198662,0.0,1.0,0.0,1995-01-01,8689,1995-01-01,19.0,0.0,13.0,290374
ETH,147.0,144.0,Ethiopia,Sub-Saharan Africa,Low income,Ambo University,1939.0,0.0,"8.98225, 37.8447859",8.98225,37.8447859,0.0,1.0,1.0,1960-01-01,369,1960-01-01,38.0,65.0,14.0,2521441
FIN,0.0,171.0,Finland,Europe and Central Asia,High income,H��Me University Of Applied Sciences,1840.0,0.0,"60.9763288, 24.4783406",60.9763288,24.4783406,0.0,1.0,0.0,1980-01-01,3659,1980-01-01,9.0,0.0,8.0,793685
FJI,16.0,11.0,Fiji,East Asia and Pacific,Upper middle income,University Of The South Pacific,1968.0,0.0,"-18.1480462, 178.4476007",-18.1480462,178.4476007,0.0,1.0,1.0,1995-01-01,5551,1995-01-01,4.0,8.0,4.0,122996
FRA,1417.0,2717.0,France,Europe and Central Asia,High income,Toulouse I Capitole University,1229.0,0.0,"43.606664, 1.4368769",43.606664,1.4368769,0.0,1.0,1.0,1990-01-01,13620,1990-01-01,209.0,158.0,161.0,16069902
FRO,0.0,12.0,Faroe Islands,Europe and Central Asia,High income,University Of The Faroe Islands,1965.0,0.0,"62.0073486, -6.7789435",62.0073486,-6.7789435,0.0,1.0,1.0,1980-01-01,37,1980-01-01,1.0,1.0,1.0,2118
GAB,29.0,87.0,Gabon,Sub-Saharan Africa,Upper middle income,National School Of Forestry And Water Management,1953.0,0.0,"0.6075379, 9.3284683",0.6075379,9.3284683,0.0,0.0,0.0,1995-01-01,352,1995-01-01,14.0,13.0,3.0,166955
GBR,91.0,2969.0,United Kingdom,Europe and Central Asia,High income,University Of Oxford,1096.0,0.0,"51.7548164, -1.2543668",51.7548164,-1.2543668,0.0,1.0,1.0,2015-01-01,22267,2015-01-01,287.0,269.0,246.0,32752878
GEO,126.0,204.0,Georgia,Europe and Central Asia,Upper middle income,V.Sarajishvili Tbilisi State Conservatoire,1917.0,0.0,"41.6995296, 44.7952174",41.6995296,44.7952174,0.0,1.0,1.0,1975-01-01,1270,1975-01-01,42.0,43.0,26.0,991835
GHA,253.0,207.0,Ghana,Sub-Saharan Africa,Lower middle income,Christ Apostolic University College,1917.0,1.0,"6.6931124, -1.6523695",6.6931124,-1.6523695,0.0,0.0,1.0,2020-01-01,1326,2020-01-01,39.0,70.0,12.0,1278717
GIN,85.0,71.0,Guinea,Sub-Saharan Africa,Low income,Higher Institute Of Mining And Geology Of Bok��,1962.0,0.0,"10.9763456, -14.2721996",10.9763456,-14.2721996,0.0,0.0,1.0,1965-01-01,264,1965-01-01,14.0,32.0,3.0,627202
GMB,0.0,5.0,The Gambia,Sub-Saharan Africa,Low income,University Of The Gambia,1999.0,0.0,"13.4602512, -16.6766847",13.4602512,-16.6766847,0.0,1.0,1.0,2000-01-01,1341,2000-01-01,1.0,1.0,0.0,14929
GNB,7.0,36.0,Guinea Bissau,Sub-Saharan Africa,Low income,School Of Education,1979.0,0.0,"11.8622963, -15.6006246",11.8622963,-15.6006246,0.0,0.0,1.0,1980-01-01,21,1980-01-01,0.0,7.0,0.0,5885
GNQ,0.0,6.0,Equatorial Guinea,Sub-Saharan Africa,Upper middle income,University Of Equatorial Guinea,1995.0,0.0,"3.7462628, 8.7749064",3.7462628,8.7749064,0.0,0.0,1.0,2000-01-01,1520,2000-01-01,0.0,1.0,0.0,21257
GRC,0.0,196.0,Greece,Europe and Central Asia,High income,Ionian University,1824.0,0.0,"39.6231617, 19.9150073",39.6231617,19.9150073,0.0,1.0,1.0,2010-01-01,1776,2010-01-01,36.0,42.0,30.0,2210980
GRD,9.0,0.0,Grenada,Latin America and Caribbean,Upper middle income,St George'S University,1976.0,1.0,"12.0003037, -61.7736983",12.0003037,-61.7736983,0.0,0.0,1.0,2000-01-01,1978,2000-01-01,0.0,1.0,1.0,25147
GTM,125.0,113.0,Guatemala,Latin America and Caribbean,Upper middle income,University Of San Carlos Of Guatemala,1676.0,0.0,"14.5858379, -90.5525812",14.5858379,-90.5525812,0.0,0.0,1.0,1950-01-01,2018,1950-01-01,0.0,33.0,13.0,15508030
GUY,11.0,12.0,Guyana,Latin America and Caribbean,Upper middle income,University Of Guyana,1963.0,0.0,"6.8124181, -58.1178037",6.8124181,-58.1178037,0.0,1.0,1.0,1980-01-01,883,1980-01-01,3.0,4.0,2.0,46336
HKG,39.0,86.0,China - Hong Kong,East Asia and Pacific,High income,Lingnan University.,1888.0,0.0,"22.4109705, 113.9830974",22.4109705,113.9830974,0.0,1.0,1.0,1970-01-01,1610,1970-01-01,11.0,13.0,10.0,1058519
HND,81.0,57.0,Honduras,Latin America and Caribbean,Lower middle income,National Autonomous University Of Honduras,1847.0,0.0,"14.0846099, -87.1620857",14.0846099,-87.1620857,0.0,0.0,1.0,1970-01-01,4167,1970-01-01,0.0,18.0,5.0,816431
HRV,70.0,108.0,Croatia,Europe and Central Asia,High income,University Of Zagreb,1669.0,0.0,"45.8106069, 15.9699154",45.8106069,15.9699154,0.0,0.0,0.0,2005-01-01,52000,2005-01-01,0.0,0.0,10.0,1265566
HTI,73.0,8.0,Haiti,Latin America and Caribbean,Low income,Adventist University Of Haiti,1921.0,1.0,"18.5266896, -72.3851267",18.5266896,-72.3851267,0.0,0.0,1.0,1990-01-01,259,1990-01-01,0.0,11.0,0.0,102830
HUN,109.0,172.0,Hungary,Europe and Central Asia,High income,University Of Debrecen,1538.0,0.0,"47.5536257, 21.6215102",47.5536257,21.6215102,1.0,1.0,0.0,2020-01-01,28247,2020-01-01,27.0,0.0,16.0,906742
IDN,4971.0,596.0,Indonesia,East Asia and Pacific,Upper middle income,College Of Social Welfare,1901.0,0.0,"42.6613792, -73.7716652",42.6613792,-73.7716652,0.0,0.0,0.0,1985-01-01,0,1985-01-01,302.0,867.0,58.0,17201532
IND,1380.0,3657.0,India,South Asia,Lower middle income,"Presidency University, Kolkata",1817.0,0.0,"22.5763855, 88.3632332",22.5763855,88.3632332,1.0,1.0,1.0,2020-01-01,2845,2020-01-01,732.0,693.0,593.0,97583864
IRL,121.0,352.0,Ireland,Europe and Central Asia,High income,"Trinity College Dublin, The University Of Dublin",1592.0,0.0,"53.3437935, -6.2545716",53.3437935,-6.2545716,1.0,1.0,1.0,2020-01-01,20404,2020-01-01,40.0,42.0,22.0,4105582
IRN,280.0,1289.0,Iran,Middle East and North Africa,Upper middle income,Tehran University Of Medical Sciences,1851.0,0.0,"35.705271, 51.3929728",35.705271,51.3929728,0.0,1.0,1.0,1965-01-01,1235,1965-01-01,190.0,221.0,137.0,17325572
IRQ,155.0,229.0,Iraq,Middle East and North Africa,Upper middle income,University Of Baghdad,1957.0,0.0,"33.2711655, 44.3779931",33.2711655,44.3779931,1.0,1.0,1.0,2020-01-01,71301,2020-01-01,34.0,83.0,27.0,3123419
ISL,20.0,21.0,Iceland,Europe and Central Asia,High income,H��L��R University College,1882.0,0.0,"65.733563, -19.11334",65.733563,-19.11334,0.0,0.0,0.0,1980-01-01,486,1980-01-01,0.0,0.0,0.0,26448
ISR,123.0,468.0,Israel,Middle East and North Africa,High income,"Bezalel Academy Of Arts And Design, Jerusalem",1906.0,0.0,"31.7933241, 35.2476057",31.7933241,35.2476057,0.0,1.0,1.0,1970-01-01,256,1970-01-01,58.0,56.0,9.0,2399533
ITA,180.0,770.0,Italy,Europe and Central Asia,High income,University Of Parma,962.0,0.0,"44.8007887, 10.3259012",44.8007887,10.3259012,0.0,1.0,1.0,2010-01-01,44926,2010-01-01,91.0,89.0,80.0,16490616
JAM,35.0,40.0,Jamaica,Latin America and Caribbean,Upper middle income,Mico University College,1836.0,0.0,"17.9887648, -76.7870333",17.9887648,-76.7870333,0.0,1.0,1.0,2020-01-01,2300,2020-01-01,5.0,5.0,3.0,254624
JOR,115.0,68.0,Jordan,Middle East and North Africa,Upper middle income,University Of Jordan,1962.0,0.0,"32.0161048, 35.8695456",32.0161048,35.8695456,0.0,1.0,1.0,1965-01-01,668,1965-01-01,26.0,31.0,10.0,1339073
JPN,5631.0,1707.0,Japan,East Asia and Pacific,High income,Komazawa University,1592.0,1.0,"35.6289685, 139.65841",35.6289685,139.65841,0.0,1.0,1.0,1995-01-01,16376,1995-01-01,513.0,601.0,406.0,26212898
KAZ,310.0,531.0,Kazakhstan,Europe and Central Asia,Upper middle income,Kazakh National Pedagogical University Named After Abai,1928.0,0.0,"43.2562563, 76.953282",43.2562563,76.953282,0.0,1.0,1.0,1960-01-01,7712,1960-01-01,99.0,106.0,63.0,3559611
KEN,166.0,189.0,Kenya,Sub-Saharan Africa,Lower middle income,St Paul'S University,1903.0,1.0,"-1.1477162, 36.6681291",-1.1477162,36.6681291,0.0,1.0,1.0,1995-01-01,539,1995-01-01,44.0,50.0,40.0,2044753
KGZ,23.0,131.0,Kyrgyz Republic,Europe and Central Asia,Lower middle income,"International Academy Of Management, Law, Finance And Business",1930.0,1.0,"42.8528607, 74.6254452",42.8528607,74.6254452,0.0,1.0,1.0,2010-01-01,995,2010-01-01,37.0,32.0,17.0,1065576
KHM,156.0,163.0,Cambodia,East Asia and Pacific,Lower middle income,Royal University Of Agriculture,1850.0,0.0,"11.5121023, 104.9007098",11.5121023,104.9007098,1.0,1.0,1.0,2020-01-01,7462,2020-01-01,35.0,38.0,17.0,1025157
KNA,0.0,7.0,Saint Kitts And Nevis,Latin America and Caribbean,High income,Clarence Fitzroy Bryant College,1988.0,0.0,"17.2966507, -62.7311604",17.2966507,-62.7311604,0.0,,,2000-01-01,11,2000-01-01,0.0,0.0,0.0,239
KOR,1795.0,545.0,"Korea, Rep",East Asia and Pacific,High income,Sungkyunkwan University,1398.0,1.0,"37.588227, 126.993606",37.588227,126.993606,0.0,1.0,1.0,1965-01-01,4013,1965-01-01,215.0,224.0,163.0,14692294
KWT,24.0,50.0,Kuwait,Middle East and North Africa,High income,College Of Technological Studies,1954.0,0.0,"29.3327088, 47.919331",29.3327088,47.919331,0.0,0.0,1.0,1975-01-01,408,1975-01-01,5.0,10.0,1.0,410512
LAO,24.0,14.0,Lao Pdr,East Asia and Pacific,Lower middle income,Rattana Business Administration College,1974.0,1.0,"17.9570101, 102.6335264",17.9570101,102.6335264,0.0,0.0,1.0,1975-01-01,609,1975-01-01,8.0,16.0,0.0,251645
LBN,282.0,14.0,Lebanon,Middle East and North Africa,Upper middle income,American University Of Beirut,1866.0,1.0,"33.9008359, 35.480744",33.9008359,35.480744,1.0,1.0,1.0,2020-01-01,8933,2020-01-01,32.0,36.0,17.0,1308402
LBR,33.0,24.0,Liberia,Sub-Saharan Africa,Low income,University Of Liberia,1851.0,0.0,"6.2991374, -10.7950732",6.2991374,-10.7950732,0.0,1.0,1.0,2005-01-01,4227,2005-01-01,3.0,6.0,1.0,144010
LBY,7.0,86.0,Libya,Middle East and North Africa,Upper middle income,University Of Benghazi,1955.0,0.0,"32.0541343, 20.0521888",32.0541343,20.0521888,0.0,1.0,1.0,1960-01-01,289,1960-01-01,11.0,11.0,8.0,1217155
LIE,12.0,12.0,Liechtenstein,Europe and Central Asia,High income,University Of Liechtenstein,1961.0,0.0,"47.1498382, 9.5162746",47.1498382,9.5162746,1.0,1.0,1.0,2015-01-01,922,2015-01-01,4.0,2.0,6.0,5530
LKA,13.0,181.0,Sri Lanka,South Asia,Lower middle income,University Of Kelaniya,1875.0,0.0,"6.9744491, 79.91606",6.9744491,79.91606,0.0,1.0,1.0,2015-01-01,8641,2015-01-01,22.0,23.0,17.0,826366
LSO,3.0,15.0,Lesotho,Sub-Saharan Africa,Lower middle income,National University Of Lesotho,1945.0,0.0,"-29.4512856, 27.7206302",-29.4512856,27.7206302,0.0,1.0,1.0,1970-01-01,448,1970-01-01,1.0,1.0,1.0,37563
LTU,22.0,139.0,Lithuania,Europe and Central Asia,High income,Vilnius University,1579.0,0.0,"54.6825757, 25.2876469",54.6825757,25.2876469,0.0,1.0,0.0,1975-01-01,15591,1975-01-01,17.0,0.0,0.0,1027555
LUX,0.0,15.0,Luxembourg,Europe and Central Asia,High income,University Of Luxembourg,1848.0,0.0,"49.504553, 5.948429",49.504553,5.948429,0.0,1.0,1.0,1950-01-01,45,1950-01-01,1.0,1.0,1.0,22979
LVA,64.0,170.0,Latvia,Europe and Central Asia,High income,Riga Technical University,1862.0,0.0,"56.947327, 24.1056278",56.947327,24.1056278,0.0,0.0,0.0,2005-01-01,15329,2005-01-01,0.0,0.0,38.0,680581
MAR,490.0,339.0,Morocco,Middle East and North Africa,Lower middle income,Meknes National School Of Agriculture,1942.0,0.0,"33.8435011, -5.4774598",33.8435011,-5.4774598,0.0,0.0,0.0,1995-01-01,1169,1995-01-01,94.0,73.0,25.0,3028018
MCO,7.0,4.0,Monaco,Europe and Central Asia,High income,International University Of Monaco,1986.0,1.0,"43.7347672, 7.4178585",43.7347672,7.4178585,0.0,1.0,1.0,1990-01-01,29,1990-01-01,1.0,1.0,1.0,4922
MDA,42.0,152.0,Moldova,Europe and Central Asia,Lower middle income,Tiraspol State University,1930.0,0.0,"47.039897, 28.8080669",47.039897,28.8080669,0.0,1.0,0.0,1965-01-01,778,1965-01-01,24.0,0.0,18.0,858509
MDG,142.0,199.0,Madagascar,Sub-Saharan Africa,Low income,University Of Antananarivo,1955.0,0.0,"-18.914032, 47.5518117",-18.914032,47.5518117,0.0,1.0,1.0,1975-01-01,10672,1975-01-01,41.0,41.0,12.0,524872
MDV,21.0,14.0,Maldives,South Asia,Upper middle income,The Maldives National University,1973.0,0.0,"4.1707172, 73.5091633",4.1707172,73.5091633,0.0,1.0,1.0,1980-01-01,408,1980-01-01,7.0,7.0,1.0,57035
MEX,3228.0,1691.0,Mexico,Latin America and Caribbean,Upper middle income,Michoacan University Of Saint Nicholas Of Hidalgo,1543.0,0.0,"19.7045718, -101.195049",19.7045718,-101.195049,0.0,0.0,1.0,1980-01-01,29438,1980-01-01,0.0,1043.0,275.0,28615985
MKD,44.0,36.0,North Macedonia,Europe and Central Asia,Upper middle income,"Sts. Cyril And Methodius University, Skopje",1949.0,0.0,"41.998151, 21.4463562",41.998151,21.4463562,0.0,1.0,0.0,1955-01-01,4593,1955-01-01,35.0,0.0,16.0,564559
MLI,8.0,35.0,Mali,Sub-Saharan Africa,Low income,National School Of Engineering,1950.0,0.0,"12.6507347, -7.9980344",12.6507347,-7.9980344,0.0,0.0,1.0,1970-01-01,256,1970-01-01,2.0,4.0,0.0,151665
MLT,8.0,22.0,Malta,Middle East and North Africa,High income,University Of Malta,1592.0,0.0,"35.90232, 14.4847432",35.90232,14.4847432,0.0,1.0,1.0,1995-01-01,4940,1995-01-01,2.0,2.0,2.0,68326
MMR,0.0,593.0,Myanmar,East Asia and Pacific,Lower middle income,Yangon University,1878.0,0.0,"16.8258549, 96.1387604",16.8258549,96.1387604,0.0,1.0,1.0,2005-01-01,41866,2005-01-01,102.0,146.0,36.0,9118549
MNE,23.0,10.0,Montenegro,Europe and Central Asia,Upper middle income,University Of Montenegro,1974.0,0.0,"42.4418397, 19.2425725",42.4418397,19.2425725,0.0,1.0,1.0,1985-01-01,16440,1985-01-01,9.0,13.0,2.0,164191
MNG,192.0,134.0,Mongolia,East Asia and Pacific,Lower middle income,Mongolian State Music And Dance Conservatory,1937.0,0.0,"43.7990088, -79.3690901",43.7990088,-79.3690901,0.0,0.0,1.0,2020-01-01,2135,2020-01-01,43.0,51.0,25.0,609795
MOZ,86.0,70.0,Mozambique,Sub-Saharan Africa,Low income,Eduardo Mondlane University,1962.0,0.0,"-25.9521498, 32.6035601",-25.9521498,32.6035601,0.0,0.0,1.0,1985-01-01,1004,1985-01-01,0.0,39.0,5.0,273157
MRT,3.0,30.0,Mauritania,Sub-Saharan Africa,Lower middle income,"National School Of Administration, Journalism And Magistature",1966.0,0.0,"18.0975846, -15.983013",18.0975846,-15.983013,0.0,1.0,0.0,2020-01-01,6700,2020-01-01,4.0,3.0,1.0,132515
MUS,0.0,46.0,Mauritius,Sub-Saharan Africa,High income,University Of Mauritius,1965.0,0.0,"-20.234135, 57.4977906",-20.234135,57.4977906,0.0,1.0,1.0,2015-01-01,11030,2015-01-01,6.0,6.0,3.0,86759
MWI,61.0,68.0,Malawi,Sub-Saharan Africa,Low income,University Of Livingstonia,1875.0,1.0,"-10.6036033, 34.1056823",-10.6036033,34.1056823,0.0,0.0,1.0,1960-01-01,74,1960-01-01,11.0,19.0,10.0,169732
MYS,326.0,160.0,Malaysia,East Asia and Pacific,Upper middle income,University Of Technology Malaysia,1904.0,0.0,"1.5593571, 103.6385749",1.5593571,103.6385749,0.0,1.0,1.0,1980-01-01,3706,1980-01-01,81.0,76.0,70.0,3536357
NAM,10.0,14.0,Namibia,Sub-Saharan Africa,Upper middle income,Namibia University Of Science And Technology,1985.0,0.0,"-22.565785, 17.0773438",-22.565785,17.0773438,0.0,1.0,1.0,2010-01-01,7012,2010-01-01,3.0,4.0,3.0,367130
NER,11.0,62.0,Niger,Sub-Saharan Africa,Low income,African School Of Meteorology And Civil Aviation,1963.0,0.0,"13.5229623, 2.1054483",13.5229623,2.1054483,0.0,0.0,0.0,1965-01-01,66,1965-01-01,5.0,3.0,2.0,110442
NGA,163.0,528.0,Nigeria,Sub-Saharan Africa,Lower middle income,Yaba College Of Technology,1947.0,0.0,"6.617226, 3.3200468",6.617226,3.3200468,0.0,0.0,1.0,2015-01-01,11698,2015-01-01,76.0,110.0,55.0,6006787
NIC,219.0,70.0,Nicaragua,Latin America and Caribbean,Lower middle income,National Autonomous University Of Nicaragua-Managua,1812.0,0.0,"12.1058595, -86.2707898",12.1058595,-86.2707898,0.0,0.0,1.0,2015-01-01,30869,2015-01-01,0.0,47.0,25.0,1080902
NLD,239.0,316.0,Netherlands,Europe and Central Asia,High income,Leiden University,1575.0,0.0,"52.1571485, 4.485209",52.1571485,4.485209,0.0,1.0,1.0,1980-01-01,15875,1980-01-01,56.0,55.0,19.0,4480908
NOR,97.0,153.0,Norway,Europe and Central Asia,High income,University Of Oslo,1811.0,0.0,"59.9399586, 10.7217496",59.9399586,10.7217496,1.0,1.0,1.0,2020-01-01,27748,2020-01-01,26.0,23.0,17.0,908423
NPL,0.0,58.0,Nepal,South Asia,Lower middle income,Tribhuvan University,1959.0,0.0,"27.6806722, 85.2834629",27.6806722,85.2834629,1.0,1.0,1.0,2020-01-01,543015,2020-01-01,11.0,11.0,7.0,1863882
NZL,51.0,239.0,New Zealand,East Asia and Pacific,High income,University Of Otago,1869.0,0.0,"-45.8646835, 170.5144227",-45.8646835,170.5144227,1.0,1.0,1.0,2020-01-01,21224,2020-01-01,45.0,49.0,22.0,2448365
OMN,100.0,168.0,Oman,Middle East and North Africa,High income,Salalah College Of Technology,1979.0,0.0,"17.047264, 54.1426958",17.047264,54.1426958,0.0,0.0,1.0,2020-01-01,2310,2020-01-01,13.0,51.0,2.0,692807
PAK,325.0,562.0,Pakistan,South Asia,Lower middle income,King Edward Medical University,1860.0,0.0,"31.5686489, 74.3114562",31.5686489,74.3114562,0.0,1.0,1.0,1980-01-01,1234,1980-01-01,118.0,122.0,102.0,5738757
PAN,88.0,70.0,Panama,Latin America and Caribbean,High income,University Of Panama.,1935.0,0.0,"8.9835361, -79.5337082",8.9835361,-79.5337082,0.0,0.0,1.0,1960-01-01,3901,1960-01-01,0.0,25.0,10.0,1415537
PER,437.0,359.0,Peru,Latin America and Caribbean,Upper middle income,Faculty Of Pontifical And Civil Theology Of Lima,1551.0,1.0,"-12.0836816, -77.0691681",-12.0836816,-77.0691681,0.0,0.0,0.0,1970-01-01,1493,1970-01-01,0.0,0.0,98.0,5610259
PHL,6440.0,1132.0,Philippines,East Asia and Pacific,Lower middle income,University Of Santo Tomas,1611.0,1.0,"14.6099081, 120.9894336",14.6099081,120.9894336,0.0,1.0,1.0,2000-01-01,33404,2000-01-01,607.0,2088.0,328.0,38929878
PNG,17.0,47.0,Papua New Guinea,East Asia and Pacific,Lower middle income,Papua New Guinea University Of Technology,1965.0,0.0,"-6.6729906, 146.9936712",-6.6729906,146.9936712,0.0,1.0,1.0,1965-01-01,180,1965-01-01,14.0,15.0,10.0,109784
POL,1073.0,1269.0,Poland,Europe and Central Asia,High income,The Pontifical University Of John Paul Ii In Krak��W,1397.0,0.0,"50.0542875, 19.9368595",50.0542875,19.9368595,0.0,1.0,1.0,1965-01-01,419,1965-01-01,287.0,334.0,102.0,11021514
PRK,0.0,793.0,"Korea, Dem People���S Rep",East Asia and Pacific,Low income,Kim Chol Ju University Of Educe,1946.0,0.0,"39.005756, 125.762398",39.005756,125.762398,0.0,1.0,1.0,1960-01-01,1691,1960-01-01,109.0,123.0,76.0,6679728
PRT,392.0,295.0,Portugal,Europe and Central Asia,High income,University Of Coimbra,1290.0,0.0,"40.2089072, -8.4241509",40.2089072,-8.4241509,0.0,1.0,0.0,1985-01-01,12435,1985-01-01,88.0,0.0,30.0,2225578
PRY,258.0,60.0,Paraguay,Latin America and Caribbean,Upper middle income,National University Of Asunci��N,1889.0,0.0,"-25.3357603, -57.5197398",-25.3357603,-57.5197398,0.0,0.0,1.0,1950-01-01,1288,1950-01-01,0.0,59.0,33.0,1463057
PSE,87.0,105.0,Palestine,Middle East and North Africa,Lower middle income,An-Najah National University,1918.0,1.0,"32.2275396, 35.2206096",32.2275396,35.2206096,0.0,1.0,1.0,1950-01-01,521,1950-01-01,14.0,29.0,4.0,1099883
PYF,0.0,7.0,France - French Polynesia,East Asia and Pacific,High income,University Of French Polynesia,1987.0,0.0,"-17.5769584, -149.6083408",-17.5769584,-149.6083408,0.0,1.0,1.0,2010-01-01,2737,2010-01-01,1.0,1.0,0.0,15063
QAT,0.0,18.0,Qatar,Middle East and North Africa,High income,Qatar University,1973.0,0.0,"25.377281, 51.491171",25.377281,51.491171,0.0,1.0,1.0,1975-01-01,2206,1975-01-01,3.0,3.0,2.0,66520
ROU,173.0,461.0,Romania,Europe and Central Asia,High income,University Of Bucharest,1694.0,0.0,"44.4355117, 26.1017417",44.4355117,26.1017417,0.0,1.0,0.0,1980-01-01,11702,1980-01-01,65.0,0.0,42.0,2995041
RUS,855.0,5940.0,Russian Federation,Europe and Central Asia,Upper middle income,Saint-Petersburg State University,1724.0,0.0,"59.941894, 30.2989199",59.941894,30.2989199,0.0,1.0,1.0,1960-01-01,13161,1960-01-01,859.0,996.0,1030.0,34933929
RWA,51.0,3.0,Rwanda,Sub-Saharan Africa,Low income,Adventist University Of Central Africa,1978.0,1.0,"-1.9451934, 30.1430941",-1.9451934,30.1430941,0.0,1.0,1.0,1980-01-01,80,1980-01-01,6.0,10.0,0.0,130323
SAU,146.0,190.0,Saudi Arabia,Middle East and North Africa,High income,Umm Al-Qura University,1949.0,0.0,"21.3203398, 39.9395426",21.3203398,39.9395426,0.0,1.0,1.0,2015-01-01,77882,2015-01-01,45.0,68.0,16.0,4218575
SDN,227.0,195.0,Sudan,Sub-Saharan Africa,Low income,Ahfad University For Women,1907.0,1.0,"15.6447752, 32.4711811",15.6447752,32.4711811,0.0,1.0,1.0,1980-01-01,250,1980-01-01,43.0,74.0,34.0,2079138
SEN,226.0,117.0,Senegal,Sub-Saharan Africa,Lower middle income,Sheikh Anta Diop University Of Dakar,1918.0,0.0,"14.6911017, -17.470617",14.6911017,-17.470617,0.0,1.0,1.0,1970-01-01,3509,1970-01-01,63.0,57.0,8.0,599702
SGP,25.0,27.0,Singapore,East Asia and Pacific,High income,National University Of Singapore,1905.0,0.0,"1.2971365, 103.7775268",1.2971365,103.7775268,1.0,1.0,1.0,2020-01-01,35908,2020-01-01,7.0,7.0,4.0,351936
SLB,0.0,19.0,Solomon Islands,East Asia and Pacific,Lower middle income,"University Of The South Pacific, Solomon Islands Campus",1970.0,0.0,"-9.4377407, 159.9704844",-9.4377407,159.9704844,0.0,1.0,1.0,1985-01-01,14,1985-01-01,4.0,6.0,4.0,1322
SLE,4.0,10.0,Sierra Leone,Sub-Saharan Africa,Low income,Hunger University,1964.0,0.0,"7.9552074, -11.7410325",7.9552074,-11.7410325,0.0,1.0,1.0,1965-01-01,221,1965-01-01,1.0,1.0,0.0,21697
SLV,211.0,29.0,El Salvador,Latin America and Caribbean,Lower middle income,University Of El Salvador,1841.0,0.0,"13.7161024, -89.203469",13.7161024,-89.203469,0.0,0.0,0.0,1975-01-01,19469,1975-01-01,0.0,0.0,22.0,949675
SMR,0.0,8.0,San Marino,Europe and Central Asia,High income,University Of The Republic Of San Marino,1985.0,0.0,"43.9377354, 12.4450713",43.9377354,12.4450713,0.0,1.0,1.0,2005-01-01,127,2005-01-01,1.0,1.0,1.0,1337
SOM,124.0,20.0,Somalia,Sub-Saharan Africa,Low income,Somali National University,1954.0,0.0,"2.0399013, 45.2914569",2.0399013,45.2914569,0.0,0.0,1.0,1990-01-01,4518,1990-01-01,11.0,37.0,0.0,361610
SRB,37.0,75.0,Serbia,Europe and Central Asia,Upper middle income,University Of Belgrade,1808.0,0.0,"44.8184518, 20.4575913",44.8184518,20.4575913,1.0,1.0,1.0,2020-01-01,97696,2020-01-01,29.0,29.0,29.0,1943469
SSD,0.0,26.0,South Sudan,Sub-Saharan Africa,Low income,University Of Juba,1975.0,0.0,"4.8409282, 31.5904999",4.8409282,31.5904999,0.0,1.0,1.0,2005-01-01,4428,2005-01-01,1.0,5.0,1.0,50265
STP,0.0,5.0,Sao Tome And Principe,Sub-Saharan Africa,Lower middle income,University Of S��O Tom�� And Pr��Ncipe,1996.0,0.0,"0.3402872, 6.7385433",0.3402872,6.7385433,0.0,0.0,1.0,2010-01-01,71,2010-01-01,0.0,1.0,0.0,371
SUR,0.0,16.0,Suriname,Latin America and Caribbean,Upper middle income,Anton De Kom University Of Suriname,1968.0,0.0,"5.8128593, -55.2172533",5.8128593,-55.2172533,1.0,1.0,1.0,2020-01-01,3953,2020-01-01,2.0,2.0,1.0,30628
SVK,39.0,202.0,Slovak Republic,Europe and Central Asia,High income,Technical University In Zvolen,1770.0,0.0,"48.5723721, 19.117315",48.5723721,19.117315,0.0,1.0,0.0,1975-01-01,1602,1975-01-01,29.0,0.0,27.0,1517846
SVN,134.0,34.0,Slovenia,Europe and Central Asia,High income,University Of Ljubljana,1595.0,0.0,"46.0491938, 14.5041552",46.0491938,14.5041552,0.0,1.0,0.0,2005-01-01,49520,2005-01-01,42.0,0.0,26.0,683351
SWE,111.0,247.0,Sweden,Europe and Central Asia,High income,Lund University.,1666.0,0.0,"55.7119483, 13.203493",55.7119483,13.203493,1.0,1.0,1.0,2020-01-01,42640,2020-01-01,33.0,32.0,33.0,1942332
SWZ,15.0,23.0,Eswatini,Sub-Saharan Africa,Lower middle income,Swaziland College Of Technology,1946.0,0.0,"-26.3102091, 31.1217453",-26.3102091,31.1217453,0.0,1.0,1.0,2010-01-01,739,2010-01-01,1.0,2.0,1.0,45998
SYC,0.0,3.0,Seychelles,Sub-Saharan Africa,High income,University Of Seychelles,2009.0,0.0,"-4.7403938, 55.5153753",-4.7403938,55.5153753,0.0,1.0,1.0,2020-01-01,99,2020-01-01,1.0,1.0,0.0,237
SYR,36.0,64.0,Syrian Arab Republic,Middle East and North Africa,Low income,University Of Damascus,1903.0,0.0,"33.5112984, 36.2907898",33.5112984,36.2907898,0.0,1.0,1.0,1950-01-01,30,1950-01-01,14.0,34.0,12.0,3084927
TCD,6.0,62.0,Chad,Sub-Saharan Africa,Low income,National School Of Administration And Magistracy,1963.0,0.0,"3.8603693, 11.5110614",3.8603693,11.5110614,0.0,0.0,0.0,2020-01-01,1493,2020-01-01,7.0,8.0,1.0,81171
TGO,62.0,40.0,Togo,Sub-Saharan Africa,Low income,National School Of Administration,1958.0,0.0,"48.5807162, 7.7373993",48.5807162,7.7373993,0.0,0.0,0.0,2020-01-01,1527,2020-01-01,18.0,18.0,2.0,193161
THA,395.0,793.0,Thailand,East Asia and Pacific,Upper middle income,Phranakhon Rajabhat University,1887.0,0.0,"13.8785649, 100.5912186",13.8785649,100.5912186,0.0,1.0,1.0,1960-01-01,726,1960-01-01,133.0,136.0,94.0,12680068
TJK,5.0,164.0,Tajikistan,Europe and Central Asia,Low income,Tajik State Pedagogical University Named After S. Ayni,1931.0,0.0,"38.5938559, 68.786087",38.5938559,68.786087,0.0,1.0,1.0,1965-01-01,299,1965-01-01,28.0,30.0,16.0,519605
TKM,0.0,92.0,Turkmenistan,Europe and Central Asia,Upper middle income,Turkmen Agricultural University Named After Niyazov,1930.0,0.0,"37.9524396, 58.3424581",37.9524396,58.3424581,0.0,0.0,1.0,2010-01-01,1912,2010-01-01,3.0,19.0,2.0,190630
TLS,0.0,7.0,Timor Leste,East Asia and Pacific,Lower middle income,National University Of Timor Leste,1988.0,0.0,"-8.5555978, 125.5789889",-8.5555978,125.5789889,0.0,0.0,1.0,2020-01-01,2479,2020-01-01,0.0,1.0,0.0,8953
TON,0.0,10.0,Tonga,East Asia and Pacific,Upper middle income,University Of The South Pacific Tonga Centre,1971.0,0.0,"-21.1839516, -175.2197725",-21.1839516,-175.2197725,0.0,0.0,1.0,1975-01-01,3,1975-01-01,0.0,2.0,0.0,324
TTO,46.0,4.0,Trinidad And Tobago,Latin America and Caribbean,High income,University Of The Southern Caribbean,1927.0,1.0,"10.6933953, -61.4076718",10.6933953,-61.4076718,0.0,1.0,1.0,1975-01-01,599,1975-01-01,8.0,8.0,6.0,142461
TUN,125.0,60.0,Tunisia,Middle East and North Africa,Lower middle income,Institute Of Advanced Studies In Tunis,1945.0,1.0,"36.8233126, 10.1777034",36.8233126,10.1777034,0.0,0.0,1.0,2020-01-01,1034,2020-01-01,0.0,33.0,6.0,1367634
TUR,255.0,524.0,Turkey,Europe and Central Asia,Upper middle income,Istanbul University,1453.0,0.0,"41.0126037, 28.961838",41.0126037,28.961838,1.0,0.0,1.0,2020-01-01,67009,2020-01-01,0.0,165.0,92.0,13446868
TZA,95.0,157.0,Tanzania,Sub-Saharan Africa,Lower middle income,Land University.,1956.0,0.0,"-6.7661679, 39.2154139",-6.7661679,39.2154139,0.0,1.0,1.0,2015-01-01,3084,2015-01-01,25.0,25.0,16.0,605362
UGA,146.0,52.0,Uganda,Sub-Saharan Africa,Low income,Makerere University,1922.0,0.0,"0.3335304, 32.5675046",0.3335304,32.5675046,0.0,1.0,1.0,1950-01-01,5673,1950-01-01,33.0,35.0,11.0,560941
UKR,373.0,2430.0,Ukraine,Europe and Central Asia,Lower middle income,Lviv National University Of Veterinary Medicine And Biotechnology Named After S.Z.Gztskyy,1454.0,0.0,"49.83694, 24.04271",49.83694,24.04271,0.0,1.0,1.0,1970-01-01,2439,1970-01-01,263.0,249.0,212.0,13085616
URY,117.0,17.0,Uruguay,Latin America and Caribbean,High income,University Of The Republic,1833.0,0.0,"-34.9025957, -56.176535",-34.9025957,-56.176535,0.0,0.0,1.0,1950-01-01,8934,1950-01-01,0.0,23.0,5.0,1210473
USA,7541.0,3288.0,United States,North America,High income,Harvard University,1636.0,1.0,"42.3770029, -71.1166601",42.3770029,-71.1166601,0.0,1.0,1.0,1965-01-01,18365,1965-01-01,1535.0,1736.0,871.0,53203189
UZB,0.0,563.0,Uzbekistan,Europe and Central Asia,Lower middle income,National University Of Uzbekistan,1918.0,0.0,"41.350372, 69.2057274",41.350372,69.2057274,0.0,1.0,1.0,1960-01-01,4434,1960-01-01,109.0,117.0,37.0,2740467
VEN,216.0,387.0,Venezuela,Latin America and Caribbean,Upper middle income,Central University Of Venezuela,1696.0,0.0,"10.4869942, -66.894094",10.4869942,-66.894094,0.0,0.0,1.0,1990-01-01,49648,1990-01-01,0.0,68.0,31.0,5862043
VNM,182.0,853.0,Vietnam,East Asia and Pacific,Lower middle income,Hanoi University Of Industry,1898.0,0.0,"21.053731, 105.7351068",21.053731,105.7351068,0.0,0.0,0.0,1970-01-01,2998,1970-01-01,0.0,0.0,0.0,6963903
WSM,0.0,17.0,Samoa,East Asia and Pacific,Upper middle income,"University Of The South Pacific, School Of Agriculture And Food Technology",1977.0,0.0,"-18.1480462, 178.4476007",-18.1480462,178.4476007,1.0,1.0,1.0,2020-01-01,224,2020-01-01,4.0,4.0,2.0,12020
YEM,26.0,47.0,Yemen,Middle East and North Africa,Low income,Sana'A University.,1970.0,0.0,"15.3485208, 44.1904983",15.3485208,44.1904983,0.0,0.0,1.0,1985-01-01,6768,1985-01-01,21.0,33.0,0.0,599588
ZAF,110.0,199.0,South Africa,Sub-Saharan Africa,Upper middle income,University Of Cape Town,1829.0,0.0,"43.6005811, -79.5049449",43.6005811,-79.5049449,0.0,1.0,1.0,1960-01-01,4962,1960-01-01,27.0,20.0,20.0,4938872
ZMB,95.0,41.0,Zambia,Sub-Saharan Africa,Lower middle income,National Institute Of Public Administration,1963.0,0.0,"-15.4192514, 28.29245",-15.4192514,28.29245,0.0,1.0,1.0,1970-01-01,976,1970-01-01,19.0,22.0,11.0,270518
ZWE,26.0,58.0,Zimbabwe,Sub-Saharan Africa,Lower middle income,University Solution,1894.0,1.0,"43.6609086, -79.3959518",43.6609086,-79.3959518,0.0,1.0,1.0,1975-01-01,458,1975-01-01,13.0,13.0,8.0,423472
